{"stats":{"minecraft:custom":{"minecraft:time_since_rest":9851,"minecraft:open_chest":1,"minecraft:crouch_one_cm":402,"minecraft:play_time":9851,"minecraft:sprint_one_cm":35701,"minecraft:damage_taken":60,"minecraft:walk_one_cm":22348,"minecraft:sneak_time":409,"minecraft:drop":1,"minecraft:jump":203,"minecraft:damage_dealt":10,"minecraft:leave_game":1,"minecraft:time_since_death":9851,"minecraft:total_world_time":9851,"minecraft:climb_one_cm":382,"minecraft:fall_one_cm":7137,"minecraft:fly_one_cm":63598},"minecraft:picked_up":{"minecraft:apple":1,"minecraft:wheat_seeds":1,"minecraft:hay_block":15,"minecraft:oak_log":4,"minecraft:yellow_bed":1,"minecraft:acacia_sapling":1,"minecraft:dirt":1},"minecraft:crafted":{"minecraft:oak_planks":16},"minecraft:mined":{"minecraft:short_grass":5,"minecraft:hay_block":15,"minecraft:grass_block":1,"minecraft:oak_log":4,"minecraft:yellow_bed":1},"minecraft:dropped":{"minecraft:acacia_sapling":1},"minecraft:used":{"minecraft:wheat_seeds":1,"minecraft:dirt":1,"minecraft:apple":2,"minecraft:bread":2}},"DataVersion":3953}