{"stats":{"minecraft:custom":{"minecraft:jump":46,"minecraft:time_since_rest":4616,"minecraft:crouch_one_cm":1696,"minecraft:sprint_one_cm":357,"minecraft:play_time":4616,"minecraft:damage_taken":10,"minecraft:time_since_death":4616,"minecraft:walk_one_cm":11986,"minecraft:sneak_time":544,"minecraft:total_world_time":4616,"minecraft:fall_one_cm":1045,"minecraft:fly_one_cm":946},"minecraft:picked_up":{"minecraft:stick":1,"minecraft:acacia_log":4},"minecraft:crafted":{"minecraft:acacia_planks":16},"minecraft:mined":{"minecraft:acacia_log":4}},"DataVersion":3953}