{"stats":{"minecraft:used":{"minecraft:bread":3,"minecraft:stone_pickaxe":233,"minecraft:iron_helmet":1,"minecraft:chest":2,"minecraft:wooden_pickaxe":38,"minecraft:gravel":4,"minecraft:stone_axe":57,"minecraft:iron_chestplate":1,"minecraft:torch":2,"minecraft:dirt":14,"minecraft:crafting_table":2,"minecraft:sweet_berries":2},"minecraft:mined":{"minecraft:purple_bed":1,"minecraft:spruce_log":39,"minecraft:crafting_table":1,"minecraft:torch":2,"minecraft:grass_block":6,"minecraft:coal_ore":26,"minecraft:gravel":12,"minecraft:dirt":19,"minecraft:spruce_leaves":12,"minecraft:kelp":1,"minecraft:stone":82,"minecraft:sugar_cane":4},"minecraft:picked_up":{"minecraft:stick":13,"minecraft:crafting_table":1,"minecraft:sweet_berries":2,"minecraft:torch":2,"minecraft:gravel":11,"minecraft:flint":1,"minecraft:spruce_sapling":15,"minecraft:spruce_log":39,"minecraft:dirt":25,"minecraft:purple_bed":1,"minecraft:kelp":1,"minecraft:sugar_cane":6,"minecraft:coal":26,"minecraft:cobblestone":81},"minecraft:crafted":{"minecraft:crafting_table":2,"minecraft:spruce_planks":180,"minecraft:stick":12,"minecraft:wooden_pickaxe":1,"minecraft:stone_pickaxe":2,"minecraft:chest":2,"minecraft:torch":4,"minecraft:stone_axe":1},"minecraft:broken":{"minecraft:stone_pickaxe":1},"minecraft:custom":{"minecraft:time_since_rest":7925,"minecraft:sprint_one_cm":55532,"minecraft:damage_taken":130,"minecraft:walk_one_cm":51054,"minecraft:damage_dealt":0,"minecraft:interact_with_crafting_table":5,"minecraft:swim_one_cm":7649,"minecraft:fly_one_cm":40725,"minecraft:open_chest":13,"minecraft:crouch_one_cm":6791,"minecraft:play_time":22713,"minecraft:sneak_time":4315,"minecraft:walk_under_water_one_cm":1135,"minecraft:jump":289,"minecraft:interact_with_stonecutter":1,"minecraft:time_since_death":22713,"minecraft:leave_game":2,"minecraft:walk_on_water_one_cm":1562,"minecraft:sleep_in_bed":1,"minecraft:climb_one_cm":315,"minecraft:total_world_time":22713,"minecraft:fall_one_cm":4660}},"DataVersion":3465}