{"stats":{"minecraft:crafted":{"minecraft:spruce_planks":20},"minecraft:used":{"minecraft:dirt":2},"minecraft:picked_up":{"minecraft:spruce_log":5,"minecraft:dirt":2},"minecraft:mined":{"minecraft:spruce_log":5,"minecraft:grass_block":1,"minecraft:dirt":1},"minecraft:custom":{"minecraft:jump":60,"minecraft:time_since_rest":5979,"minecraft:crouch_one_cm":505,"minecraft:walk_on_water_one_cm":284,"minecraft:leave_game":1,"minecraft:sprint_one_cm":14810,"minecraft:play_time":5979,"minecraft:damage_taken":60,"minecraft:time_since_death":5979,"minecraft:walk_one_cm":5768,"minecraft:sneak_time":191,"minecraft:total_world_time":5979,"minecraft:fall_one_cm":2381,"minecraft:fly_one_cm":8904}},"DataVersion":3465}